name,category,git_url,dir_signature,website,update_method,platforms,brew_name,winget_id,pip_packages,post_update
ComfyUI,image-generation,github.com/comfyanonymous/ComfyUI,"ComfyUI/main.py|ComfyUI/comfy/",https://github.com/comfyanonymous/ComfyUI,git_pull,win|mac,,,,
AUTOMATIC1111 Stable-Diffusion-WebUI,image-generation,github.com/AUTOMATIC1111/stable-diffusion-webui,"webui.py|webui.sh|webui-user.bat",https://github.com/AUTOMATIC1111/stable-diffusion-webui,git_pull,win|mac,,,,
Stable-Diffusion-WebUI-Forge,image-generation,github.com/lllyasviel/stable-diffusion-webui-forge,"webui.py|launch.py",https://github.com/lllyasviel/stable-diffusion-webui-forge,git_pull,win|mac,,,,
Fooocus,image-generation,github.com/lllyasviel/Fooocus,"entry_with_update.py|Fooocus/",https://github.com/lllyasviel/Fooocus,git_pull,win|mac,,,,
InvokeAI,image-generation,github.com/invoke-ai/InvokeAI,"invokeai/","https://github.com/invoke-ai/InvokeAI",pip_upgrade,win|mac,,,,"invokeai|InvokeAI",
SwarmUI,image-generation,github.com/mcmonkeyprojects/SwarmUI,"SwarmUI/","https://github.com/mcmonkeyprojects/SwarmUI",git_pull,win|mac,,,,
Kohya_ss,image-generation,github.com/bmaltais/kohya_ss,"kohya_ss/|train_network.py","https://github.com/bmaltais/kohya_ss",git_pull,win|mac,,,,
SD.Next,image-generation,github.com/vladmandic/automatic,"sdnext/","https://github.com/vladmandic/automatic",git_pull,win|mac,,,,
VoltaML,image-generation,github.com/VoltaML/voltaML-fast-stable-diffusion,"volta/|app.py","https://github.com/VoltaML/voltaML-fast-stable-diffusion",git_pull,win|mac,,,,
EasyDiffusion,image-generation,github.com/easydiffusion/easydiffusion,"easy-diffusion/","https://github.com/easydiffusion/easydiffusion",git_pull,win|mac,,,,
ComfyUI-Manager,image-generation,github.com/ltdrdata/ComfyUI-Manager,"ComfyUI-Manager/","https://github.com/ltdrdata/ComfyUI-Manager",git_pull,win|mac,,,,
FaceFusion,image-generation,github.com/facefusion/facefusion,"facefusion/","https://github.com/facefusion/facefusion",git_pull,win|mac,,,,
Ollama,llm-tools,,ollama.exe|ollama.app|ollama,https://ollama.com,manual,win|mac,Ollama,Ollama.Ollama,,
Open WebUI,llm-tools,github.com/open-webui/open-webui,"open-webui/",https://github.com/open-webui/open-webui,git_pull,win|mac,,,,
Text-Generation-WebUI,llm-tools,github.com/oobabooga/text-generation-webui,"text-generation-webui/|server.py","https://github.com/oobabooga/text-generation-webui",git_pull,win|mac,,,,
LocalAI,llm-tools,github.com/mudler/LocalAI,"localai/|LocalAI","https://github.com/mudler/LocalAI",git_pull,win|mac,,,,
GPT4All,llm-tools,github.com/nomic-ai/gpt4all,"gpt4all/|gpt4all-bindings/",https://github.com/nomic-ai/gpt4all,git_pull,win|mac,,,,
llama.cpp,llm-tools,github.com/ggerganov/llama.cpp,"llama.cpp/|ggml/","https://github.com/ggerganov/llama.cpp",git_pull,win|mac,,,,
koboldcpp,llm-tools,github.com/LostRuins/koboldcpp,"koboldcpp/|koboldcpp.py","https://github.com/LostRuins/koboldcpp",git_pull,win|mac,,,,
vLLM,llm-tools,github.com/vllm-project/vllm,"vllm/",https://github.com/vllm-project/vllm,pip_upgrade,win|mac,,,,"vllm",
SillyTavern,llm-tools,github.com/SillyTavern/SillyTavern,"SillyTavern/|server.js","https://github.com/SillyTavern/SillyTavern",git_pull,win|mac,,,,
TabbyAPI,llm-tools,github.com/theroyallab/tabbyAPI,"tabbyAPI/","https://github.com/theroyallab/tabbyAPI",git_pull,win|mac,,,,
Jan,llm-tools,github.com/janhq/jan,"jan/|electron-builder.yml","https://github.com/janhq/jan",git_pull,win|mac,,,,
LM-Studio,llm-tools,,LM Studio.exe|LM Studio.app,https://lmstudio.ai,manual,win|mac,,,,
Ollama-WebUI,llm-tools,github.com/open-webui/open-webui,"open-webui/",https://github.com/open-webui/open-webui,git_pull,win|mac,,,,
ExLlamaV2,llm-tools,github.com/turboderp/exllamav2,"exllamav2/","https://github.com/turboderp/exllamav2",git_pull,win|mac,,,,
Langflow,ai-frameworks,github.com/langflow-ai/langflow,"langflow/|pyproject.toml",https://github.com/langflow-ai/langflow,pip_upgrade,win|mac,,,,"langflow",
Dify,ai-frameworks,github.com/langgenius/dify,"dify/|api/","https://github.com/langgenius/dify",git_pull,win|mac,,,,
Flowise,ai-frameworks,github.com/FlowiseAI/Flowise,"flowise/|packages/","https://github.com/FlowiseAI/Flowise",git_pull,win|mac,,,,
Lobe-Chat,ai-frameworks,github.com/lobehub/lobe-chat,"lobe-chat/|src/","https://github.com/lobehub/lobe-chat",git_pull,win|mac,,,,
AnythingLLM,ai-frameworks,github.com/Mintplex-Labs/anything-llm,"anything-llm/|server/","https://github.com/Mintplex-Labs/anything-llm",git_pull,win|mac,,,,
AutoGPT,ai-frameworks,github.com/Significant-Gravitas/AutoGPT,"AutoGPT/|autogpt/","https://github.com/Significant-Gravitas/AutoGPT",git_pull,win|mac,,,,
CrewAI,ai-frameworks,github.com/crewAIInc/crewAI,"crewAI/|crewai/",https://github.com/crewAIInc/crewAI,pip_upgrade,win|mac,,,,"crewai|crewai[tools]",
Agently,ai-frameworks,github.com/Maplemx/Agently,"Agently/|agently/","https://github.com/Maplemx/Agently",git_pull,win|mac,,,,
MetaGPT,ai-frameworks,github.com/geekan/MetaGPT,"metagpt/","https://github.com/geekan/MetaGPT",pip_upgrade,win|mac,,,,"metagpt",
Open-Interpreter,ai-frameworks,github.com/OpenInterpreter/open-interpreter,"open-interpreter/|interpreter/","https://github.com/OpenInterpreter/open-interpreter",pip_upgrade,win|mac,,,,"open-interpreter",
FastGPT,ai-frameworks,github.com/labring/FastGPT,"fastgpt/","https://github.com/labring/FastGPT",git_pull,win|mac,,,,
MaxKB,ai-frameworks,github.com/1Panel-dev/MaxKB,"maxkb/","https://github.com/1Panel-dev/MaxKB",git_pull,win|mac,,,,
DB-GPT,ai-frameworks,github.com/eosphoros-ai/DB-GPT,"DB-GPT/|dbgpt/","https://github.com/eosphoros-ai/DB-GPT",git_pull,win|mac,,,,
LangChain,ai-frameworks,github.com/langchain-ai/langchain,"langchain/",https://github.com/langchain-ai/langchain,pip_upgrade,win|mac,,,,"langchain|langchain-core|langchain-community",
LlamaIndex,ai-frameworks,github.com/run-llama/llama_index,"llama_index/",https://github.com/run-llama/llama_index,pip_upgrade,win|mac,,,,"llama-index|llama-index-core",
Whisper.cpp,ai-voice,github.com/ggerganov/whisper.cpp,"whisper.cpp/|ggml/","https://github.com/ggerganov/whisper.cpp",git_pull,win|mac,,,,
Coqui-TTS,ai-voice,github.com/coqui-ai/TTS,"TTS/|TTS/",https://github.com/coqui-ai/TTS,pip_upgrade,win|mac,,,,"TTS|coqui-tts",
Bark,ai-voice,github.com/suno-ai/bark,"bark/","https://github.com/suno-ai/bark",git_pull,win|mac,,,,"bark",
RVC-WebUI,ai-voice,github.com/RVC-Project/Retrieval-based-Voice-Conversion-WebUI,"Retrieval-based-Voice-Conversion-WebUI/|RVC/","https://github.com/RVC-Project/Retrieval-based-Voice-Conversion-WebUI",git_pull,win|mac,,,,
so-vits-svc,ai-voice,github.com/svc-develop-team/so-vits-svc,"so-vits-svc/","https://github.com/svc-develop-team/so-vits-svc",git_pull,win|mac,,,,
MeloTTS,ai-voice,github.com/myshell-ai/MeloTTS,"MeloTTS/","https://github.com/myshell-ai/MeloTTS",git_pull,win|mac,,,,
Fish-Speech,ai-voice,github.com/fishaudio/fish-speech,"fish-speech/","https://github.com/fishaudio/fish-speech",git_pull,win|mac,,,,
ChatTTS,ai-voice,github.com/2noise/ChatTTS,"ChatTTS/","https://github.com/2noise/ChatTTS",git_pull,win|mac,,,,
GPT-SoVITS,ai-voice,github.com/RVC-Boss/GPT-SoVITS,"GPT-SoVITS/","https://github.com/RVC-Boss/GPT-SoVITS",git_pull,win|mac,,,,
OpenVoice,ai-voice,github.com/myshell-ai/OpenVoice,"OpenVoice/","https://github.com/myshell-ai/OpenVoice",git_pull,win|mac,,,,
Chroma,vector-db,github.com/chroma-core/chroma,"chroma/","https://github.com/chroma-core/chroma",pip_upgrade,win|mac,,,,"chromadb",
Qdrant,vector-db,github.com/qdrant/qdrant,"qdrant/",https://github.com/qdrant/qdrant,pip_upgrade,win|mac,,,,"qdrant-client",
Milvus,vector-db,github.com/milvus-io/milvus,"milvus/","https://github.com/milvus-io/milvus",pip_upgrade,win|mac,,,,"pymilvus",
Weaviate,vector-db,github.com/weaviate/weaviate,"weaviate/",https://github.com/weaviate/weaviate,pip_upgrade,win|mac,,,,"weaviate-client",
PGVector,vector-db,github.com/pgvector/pgvector,"pgvector/","https://github.com/pgvector/pgvector",git_pull,win|mac,,,,
LanceDB,vector-db,github.com/lancedb/lancedb,"lancedb/","https://github.com/lancedb/lancedb",pip_upgrade,win|mac,,,,"lancedb",
Marqo,vector-db,github.com/marqo-ai/marqo,"marqo/",https://github.com/marqo-ai/marqo,pip_upgrade,win|mac,,,,"marqo",
txtai,vector-db,github.com/neuml/txtai,"txtai/",https://github.com/neuml/txtai,pip_upgrade,win|mac,,,,"txtai",
Stable-Diffusion.cpp,image-generation,github.com/leejet/stable-diffusion.cpp,"stable-diffusion.cpp/","https://github.com/leejet/stable-diffusion.cpp",git_pull,win|mac,,,,
Oobabooga-Windows,llm-tools,github.com/oobabooga/text-generation-webui,"installer_files/","https://github.com/oobabooga/text-generation-webui",git_pull,win,,,,
RWKV-Runner,llm-tools,github.com/josStorer/RWKV-Runner,"RWKV-Runner/","https://github.com/josStorer/RWKV-Runner",git_pull,win|mac,,,,
llama-cpp-python,llm-tools,github.com/abetlen/llama-cpp-python,"llama-cpp-python/","https://github.com/abetlen/llama-cpp-python",pip_upgrade,win|mac,,,,"llama-cpp-python",
ChatALL,llm-tools,github.com/sunner/ChatALL,"ChatALL/","https://github.com/sunner/ChatALL",git_pull,win|mac,,,,
HuggingFace-Transformers,llm-tools,,,,pip_upgrade,win|mac,,,,"transformers|datasets|accelerate",
HuggingFace-Diffusers,image-generation,,,,pip_upgrade,win|mac,,,,"diffusers",
Gradio,ai-frameworks,github.com/gradio-app/gradio,"gradio/",https://github.com/gradio-app/gradio,pip_upgrade,win|mac,,,,"gradio",
OllamaSharp,llm-tools,github.com/awaescher/OllamaSharp,"OllamaSharp/","https://github.com/awaescher/OllamaSharp",git_pull,win|mac,,,,
Pinokio,ai-frameworks,github.com/pinokiocomputer/pinokio,"pinokio/","https://github.com/pinokiocomputer/pinokio",git_pull,win|mac,,,,
StabilityMatrix,image-generation,github.com/LykosAI/StabilityMatrix,"StabilityMatrix/|StabilityMatrix.exe","https://github.com/LykosAI/StabilityMatrix",git_pull,win|mac,,,,
Real-ESRGAN,image-generation,github.com/xinntao/Real-ESRGAN,"Real-ESRGAN/|realesrgan/","https://github.com/xinntao/Real-ESRGAN",pip_upgrade,win|mac,,,,"realesrgan",
AnimateDiff,image-generation,github.com/guoyww/AnimateDiff,"AnimateDiff/|animatediff/","https://github.com/guoyww/AnimateDiff",git_pull,win|mac,,,,
ComfyUI-AnimateDiff-Evolved,image-generation,github.com/Kosinkadink/ComfyUI-AnimateDiff-Evolved,"ComfyUI-AnimateDiff-Evolved/","https://github.com/Kosinkadink/ComfyUI-AnimateDiff-Evolved",git_pull,win|mac,,,,
OneTrainer,image-generation,github.com/Nerogar/OneTrainer,"OneTrainer/","https://github.com/Nerogar/OneTrainer",git_pull,win|mac,,,,
Stable-Diffusion-WebUI-reForge,image-generation,github.com/Panchovix/stable-diffusion-webui-reForge,"stable-diffusion-webui-reForge/","https://github.com/Panchovix/stable-diffusion-webui-reForge",git_pull,win|mac,,,,
Deforum,image-generation,github.com/deforum-art/sd-webui-deforum,"sd-webui-deforum/|deforum/","https://github.com/deforum-art/sd-webui-deforum",git_pull,win|mac,,,,
sd-webui-controlnet,image-generation,github.com/Mikubill/sd-webui-controlnet,"sd-webui-controlnet/","https://github.com/Mikubill/sd-webui-controlnet",git_pull,win|mac,,,,
chaiNNer,image-generation,github.com/chaiNNer-org/chaiNNer,"chaiNNer/","https://github.com/chaiNNer-org/chaiNNer",git_pull,win|mac,,,,
ComfyUI-Detail-Daemon,image-generation,github.com/muerrilla/ComfyUI-Detail-Daemon,"ComfyUI-Detail-Daemon/","https://github.com/muerrilla/ComfyUI-Detail-Daemon",git_pull,win|mac,,,,
ComfyUI-Workflow-Component,image-generation,github.com/ltdrdata/ComfyUI-Workflow-Component,"ComfyUI-Workflow-Component/","https://github.com/ltdrdata/ComfyUI-Workflow-Component",git_pull,win|mac,,,,
LiteLLM,llm-tools,github.com/BerriAI/litellm,"litellm/","https://github.com/BerriAI/litellm",pip_upgrade,win|mac,,,,"litellm",
SGLang,llm-tools,github.com/sgl-project/sglang,"sglang/|python/sglang","https://github.com/sgl-project/sglang",pip_upgrade,win|mac,,,,"sglang",
LMStudio-CLI,llm-tools,,lmstudio.exe|lmstudio,https://lmstudio.ai,manual,win|mac,,,,
Tabby,llm-tools,github.com/TabbyML/tabby,"tabby/|tabby_server","https://github.com/TabbyML/tabby",manual,win|mac,,,,
mlx-lm,llm-tools,github.com/ml-explore/mlx-lm,"mlx-lm/","https://github.com/ml-explore/mlx-lm",pip_upgrade,mac,,,,"mlx-lm",
Ollama-Java,llm-tools,github.com/ollama/ollama-java,"ollama-java/","https://github.com/ollama/ollama-java",git_pull,win|mac,,,,
Chatbox,llm-tools,github.com/Bin-Huang/chatbox,"chatbox/","https://github.com/Bin-Huang/chatbox",git_pull,win|mac,,,,
NextChat,llm-tools,github.com/Yidadaa/ChatGPT-Next-Web,"ChatGPT-Next-Web/|nextchat/","https://github.com/Yidadaa/ChatGPT-Next-Web",git_pull,win|mac,,,,
Lobe-Chat-Desktop,llm-tools,github.com/lobehub/lobe-chat,"lobe-chat/|src/","https://github.com/lobehub/lobe-chat",git_pull,win|mac,,,,
LangGraph,ai-frameworks,github.com/langchain-ai/langgraph,"langgraph/","https://github.com/langchain-ai/langgraph",pip_upgrade,win|mac,,,,"langgraph",
AutoGen,ai-frameworks,github.com/microsoft/autogen,"autogen/","https://github.com/microsoft/autogen",pip_upgrade,win|mac,,,,"autogen-agentchat|autogen-core",
Haystack,ai-frameworks,github.com/deepset-ai/haystack,"haystack/","https://github.com/deepset-ai/haystack",pip_upgrade,win|mac,,,,"haystack-ai",
smolagents,ai-frameworks,github.com/huggingface/smolagents,"smolagents/","https://github.com/huggingface/smolagents",pip_upgrade,win|mac,,,,"smolagents",
Semantic-Kernel,ai-frameworks,github.com/microsoft/semantic-kernel,"semantic-kernel/","https://github.com/microsoft/semantic-kernel",pip_upgrade,win|mac,,,,"semantic-kernel",
agno,ai-frameworks,github.com/agno-agi/agno,"agno/","https://github.com/agno-agi/agno",pip_upgrade,win|mac,,,,"agno",
camel,ai-frameworks,github.com/camel-ai/camel,"camel/","https://github.com/camel-ai/camel",pip_upgrade,win|mac,,,,"camel-ai",
PraisonAI,ai-frameworks,github.com/MervinPraison/PraisonAI,"PraisonAI/","https://github.com/MervinPraison/PraisonAI",git_pull,win|mac,,,,
langroid,ai-frameworks,github.com/langroid/langroid,"langroid/","https://github.com/langroid/langroid",pip_upgrade,win|mac,,,,"langroid",
LazyLLM,ai-frameworks,github.com/LazyAGI/LazyLLM,"LazyLLM/|lazyllm/","https://github.com/LazyAGI/LazyLLM",pip_upgrade,win|mac,,,,"lazyllm",
OpenAI-Whisper,ai-voice,github.com/openai/whisper,"whisper/","https://github.com/openai/whisper",pip_upgrade,win|mac,,,,"openai-whisper",
faster-whisper,ai-voice,github.com/SYSTRAN/faster-whisper,"faster-whisper/","https://github.com/SYSTRAN/faster-whisper",pip_upgrade,win|mac,,,,"faster-whisper",
WhisperX,ai-voice,github.com/m-bain/WhisperX,"WhisperX/|whisperx/","https://github.com/m-bain/WhisperX",pip_upgrade,win|mac,,,,"whisperx",
AudioCraft,ai-voice,github.com/facebookresearch/audiocraft,"audiocraft/","https://github.com/facebookresearch/audiocraft",pip_upgrade,win|mac,,,,"audiocraft",
Piper,ai-voice,github.com/rhasspy/piper,"piper/","https://github.com/rhasspy/piper",git_pull,win|mac,,,,
F5-TTS,ai-voice,github.com/SWivid/F5-TTS,"F5-TTS/","https://github.com/SWivid/F5-TTS",git_pull,win|mac,,,,
CosyVoice,ai-voice,github.com/FunAudioLLM/CosyVoice,"CosyVoice/","https://github.com/FunAudioLLM/CosyVoice",git_pull,win|mac,,,,
FAISS,vector-db,github.com/facebookresearch/faiss,"faiss/","https://github.com/facebookresearch/faiss",pip_upgrade,win|mac,,,,"faiss-cpu|faiss-gpu",
Vespa,vector-db,github.com/vespa-engine/vespa,"vespa/","https://github.com/vespa-engine/vespa",git_pull,win|mac,,,,
pinecone-client,vector-db,,,,pip_upgrade,win|mac,,,,"pinecone-client|pinecone",
Infinity,vector-db,github.com/infiniflow/infinity,"infinity/","https://github.com/infiniflow/infinity",git_pull,win|mac,,,,
Aider,ai-coding,github.com/Aider-AI/aider,"aider/","https://github.com/Aider-AI/aider",pip_upgrade,win|mac,,,,"aider-chat",
Continue,ai-coding,github.com/continuedev/continue,"continue/","https://github.com/continuedev/continue",git_pull,win|mac,,,,
Cline,ai-coding,github.com/cline/cline,"cline/","https://github.com/cline/cline",git_pull,win|mac,,,,
Mem0,ai-memory,github.com/mem0ai/mem0,"mem0/","https://github.com/mem0ai/mem0",pip_upgrade,win|mac,,,,"mem0ai",
Letta,ai-memory,github.com/letta-ai/letta,"letta/","https://github.com/letta-ai/letta",pip_upgrade,win|mac,,,,"letta",
Cognee,ai-memory,github.com/topoteretes/cognee,"cognee/","https://github.com/topoteretes/cognee",pip_upgrade,win|mac,,,,"cognee",
Graphiti,ai-memory,github.com/getzep/graphiti,"graphiti/","https://github.com/getzep/graphiti",pip_upgrade,win|mac,,,,"graphiti",
RAGFlow,ai-rag,github.com/infiniflow/ragflow,"ragflow/","https://github.com/infiniflow/ragflow",git_pull,win|mac,,,,
Quivr,ai-rag,github.com/QuivrHQ/quivr,"quivr/","https://github.com/QuivrHQ/quivr",git_pull,win|mac,,,,
Verba,ai-rag,github.com/weaviate/Verba,"Verba/|verba/","https://github.com/weaviate/Verba",git_pull,win|mac,,,,
Cognita,ai-rag,github.com/cognita-ai/cognita,"cognita/","https://github.com/cognita-ai/cognita",git_pull,win|mac,,,,
AgentGPT,ai-rag,github.com/reworkd/AgentGPT,"AgentGPT/","https://github.com/reworkd/AgentGPT",git_pull,win|mac,,,,
LangMem,ai-memory,github.com/langchain-ai/langmem,"langmem/",https://github.com/langchain-ai/langmem,pip_upgrade,win|mac,,,"langmem",
Memary,ai-memory,github.com/kingjulio8238/Memary,"Memary/",https://github.com/kingjulio8238/Memary,git_pull,win|mac,,,,
A-mem,ai-memory,github.com/agiresearch/A-mem,"A-mem/",https://github.com/agiresearch/A-mem,git_pull,win|mac,,,,
MemoryOS,ai-memory,github.com/BAI-LAB/MemoryOS,"MemoryOS/",https://github.com/BAI-LAB/MemoryOS,git_pull,win|mac,,,,
Memobase,ai-memory,github.com/memodb-io/memobase,"memobase/",https://github.com/memodb-io/memobase,pip_upgrade,win|mac,,,"memobase",
Second-Me,ai-memory,github.com/mindverse/Second-Me,"Second-Me/",https://github.com/mindverse/Second-Me,git_pull,win|mac,,,,
Honcho,ai-memory,github.com/plastic-labs/honcho,"honcho/",https://github.com/plastic-labs/honcho,git_pull,win|mac,,,,
MemOS,ai-memory,github.com/MemTensor/MemOS,"MemOS/",https://github.com/MemTensor/MemOS,git_pull,win|mac,,,,
MemMachine,ai-memory,github.com/MemMachine/MemMachine,"MemMachine/",https://github.com/MemMachine/MemMachine,git_pull,win|mac,,,,
TeleMem,ai-memory,github.com/TeleAI-UAGI/TeleMem,"TeleMem/",https://github.com/TeleAI-UAGI/TeleMem,git_pull,win|mac,,,,
Claude-Mem,ai-memory,github.com/thedotmack/claude-mem,"claude-mem/",https://github.com/thedotmack/claude-mem,git_pull,win|mac,,,,
agentmemory,ai-memory,github.com/rohitg00/agentmemory,"agentmemory/",https://github.com/rohitg00/agentmemory,git_pull,win|mac,,,,
engram,ai-memory,github.com/Gentleman-Programming/engram,"engram/",https://github.com/Gentleman-Programming/engram,git_pull,win|mac,,,,
Mem9,ai-memory,github.com/mem9-ai/mem9,"mem9/",https://github.com/mem9-ai/mem9,git_pull,win|mac,,,,
Memov,ai-memory,github.com/memovai/memov,"memov/",https://github.com/memovai/memov,git_pull,win|mac,,,,
memclaw-felo,ai-memory,github.com/Felo-Inc/memclaw,"memclaw/",https://github.com/Felo-Inc/memclaw,git_pull,win|mac,,,,
Origin,ai-memory,github.com/7xuanlu/origin,"origin/",https://github.com/7xuanlu/origin,git_pull,win|mac,,,,
OpenMemory,ai-memory,github.com/caviraoss/openmemory,"openmemory/",https://github.com/caviraoss/openmemory,git_pull,win|mac,,,,
Mimir,ai-memory,github.com/Perseus-Computing-LLC/mimir,"mimir/",https://github.com/Perseus-Computing-LLC/mimir,git_pull,win|mac,,,,
OMEGA,ai-memory,github.com/omega-memory/omega-memory,"omega-memory/",https://github.com/omega-memory/omega-memory,git_pull,win|mac,,,,
Mnemory,ai-memory,github.com/fpytloun/mnemory,"mnemory/",https://github.com/fpytloun/mnemory,git_pull,win|mac,,,,
Vestige,ai-memory,github.com/samvallad33/vestige,"vestige/",https://github.com/samvallad33/vestige,git_pull,win|mac,,,,
memory-lancedb-pro,ai-memory,github.com/CortexReach/memory-lancedb-pro,"memory-lancedb-pro/",https://github.com/CortexReach/memory-lancedb-pro,git_pull,win|mac,,,,
Hindsight,ai-memory,github.com/vectorize-io/hindsight,"hindsight/",https://github.com/vectorize-io/hindsight,git_pull,win|mac,,,,
MemU,ai-memory,github.com/NevaMind-AI/memU,"memU/",https://github.com/NevaMind-AI/memU,git_pull,win|mac,,,,
EverOS,ai-memory,github.com/EverMind-AI/EverOS,"EverOS/",https://github.com/EverMind-AI/EverOS,git_pull,win|mac,,,,
PowerMem,ai-memory,github.com/oceanbase/powermem,"powermem/",https://github.com/oceanbase/powermem,git_pull,win|mac,,,,
gbrain,ai-memory,github.com/garrytan/gbrain,"gbrain/",https://github.com/garrytan/gbrain,git_pull,win|mac,,,,
Puppyone,ai-memory,github.com/puppyone-ai/puppyone,"puppyone/",https://github.com/puppyone-ai/puppyone,git_pull,win|mac,,,,
TencentDB-Agent-Memory,ai-memory,github.com/Tencent/TencentDB-Agent-Memory,"TencentDB-Agent-Memory/",https://github.com/Tencent/TencentDB-Agent-Memory,git_pull,win|mac,,,,
MemoryBear,ai-memory,github.com/SuanmoSuanyangTechnology/MemoryBear,"MemoryBear/",https://github.com/SuanmoSuanyangTechnology/MemoryBear,git_pull,win|mac,,,,
Synap,ai-memory,github.com/maximem-ai/maximem_synap_sdk,"maximem_synap_sdk/",https://github.com/maximem-ai/maximem_synap_sdk,git_pull,win|mac,,,,
Memanto,ai-memory,github.com/moorcheh-ai/memanto,"memanto/",https://github.com/moorcheh-ai/memanto,git_pull,win|mac,,,,
MIRIX,ai-memory,github.com/Mirix-AI/MIRIX,"MIRIX/",https://github.com/Mirix-AI/MIRIX,git_pull,win|mac,,,,
CommonGround,ai-memory,github.com/Intelligent-Internet/CommonGround,"CommonGround/",https://github.com/Intelligent-Internet/CommonGround,git_pull,win|mac,,,,
memclaw-caura,ai-memory,github.com/caura-ai/caura-memclaw,"caura-memclaw/",https://github.com/caura-ai/caura-memclaw,git_pull,win|mac,,,,
taOSmd,ai-memory,github.com/jaylfc/taosmd,"taosmd/",https://github.com/jaylfc/taosmd,git_pull,win|mac,,,,
widemem-ai,ai-memory,github.com/remete618/widemem-ai,"widemem-ai/",https://github.com/remete618/widemem-ai,git_pull,win|mac,,,,
archon-memory-core,ai-memory,github.com/atw4757-byte/archon-memory-core,"archon-memory-core/",https://github.com/atw4757-byte/archon-memory-core,git_pull,win|mac,,,,
PackRat,ai-memory,github.com/kevdogg102396-afk/packrat,"packrat/",https://github.com/kevdogg102396-afk/packrat,git_pull,win|mac,,,,
Akephalos,ai-memory,github.com/sunnja69/akephalos,"akephalos/",https://github.com/sunnja69/akephalos,git_pull,win|mac,,,,
Suyi,ai-memory,github.com/xiaofanliu525-ctrl/suyi-memory,"suyi-memory/",https://github.com/xiaofanliu525-ctrl/suyi-memory,git_pull,win|mac,,,,
consciousness-server,ai-memory,github.com/build-on-ai/consciousness-server,"consciousness-server/",https://github.com/build-on-ai/consciousness-server,git_pull,win|mac,,,,
Omnigraph,ai-memory,github.com/ModernRelay/omnigraph,"omnigraph/",https://github.com/ModernRelay/omnigraph,git_pull,win|mac,,,,
MisakaNet,ai-memory,github.com/Ikalus1988/MisakaNet,"MisakaNet/",https://github.com/Ikalus1988/MisakaNet,git_pull,win|mac,,,,
A3M-Router,ai-memory,github.com/Das-rebel/a3m-router,"a3m-router/",https://github.com/Das-rebel/a3m-router,git_pull,win|mac,,,,
Agent-Knowledge-Cycle,ai-memory,github.com/shimo4228/agent-knowledge-cycle,"agent-knowledge-cycle/",https://github.com/shimo4228/agent-knowledge-cycle,git_pull,win|mac,,,,
codegraph,ai-codegraph,github.com/colbymchenry/codegraph,"codegraph/",https://github.com/colbymchenry/codegraph,git_pull,win|mac,,,,
codebase-memory-mcp,ai-codegraph,github.com/DeusData/codebase-memory-mcp,"codebase-memory-mcp/",https://github.com/DeusData/codebase-memory-mcp,git_pull,win|mac,,,,
CodeGraphContext,ai-codegraph,github.com/CodeGraphContext/CodeGraphContext,"CodeGraphContext/",https://github.com/CodeGraphContext/CodeGraphContext,git_pull,win|mac,,,,
GitNexus,ai-codegraph,github.com/digitalapplied/gitnexus,"gitnexus/",https://github.com/digitalapplied/gitnexus,git_pull,win|mac,,,,
FalkorDB-code-graph,ai-codegraph,github.com/FalkorDB/code-graph,"code-graph/",https://github.com/FalkorDB/code-graph,git_pull,win|mac,,,,
Graph-Code,ai-codegraph,github.com/davidsuarezcdo/graph-code,"graph-code/",https://github.com/davidsuarezcdo/graph-code,git_pull,win|mac,,,,
code-graph-mcp,ai-codegraph,github.com/entrepeneur4lyf/code-graph-mcp,"code-graph-mcp/",https://github.com/entrepeneur4lyf/code-graph-mcp,git_pull,win|mac,,,,
code2prompt,ai-codegraph,github.com/mufeedvh/code2prompt,"code2prompt/",https://github.com/mufeedvh/code2prompt,pip_upgrade,win|mac,,,"code2prompt",
LLMLingua,ai-token-opt,github.com/microsoft/LLMLingua,"LLMLingua/",https://github.com/microsoft/LLMLingua,pip_upgrade,win|mac,,,"llmlingua",
sammo,ai-token-opt,github.com/microsoft/sammo,"sammo/",https://github.com/microsoft/sammo,pip_upgrade,win|mac,,,"sammo",
Selective-Context,ai-token-opt,github.com/liyucheng09/Selective_Context,"Selective_Context/",https://github.com/liyucheng09/Selective_Context,git_pull,win|mac,,,,
500xCompressor,ai-token-opt,github.com/ZongqianLi/500xCompressor,"500xCompressor/",https://github.com/ZongqianLi/500xCompressor,git_pull,win|mac,,,,
Toolkit-for-Prompt-Compression,ai-token-opt,github.com/3DAgentWorld/Toolkit-for-Prompt-Compression,"Toolkit-for-Prompt-Compression/",https://github.com/3DAgentWorld/Toolkit-for-Prompt-Compression,git_pull,win|mac,,,,
Headroom,ai-token-opt,github.com/chopratejas/headroom,"headroom/",https://github.com/chopratejas/headroom,git_pull,win|mac,,,,
RTK,ai-token-opt,github.com/rtk-ai/rtk,"rtk/",https://github.com/rtk-ai/rtk,git_pull,win|mac,,,,
savethetokens,ai-token-opt,github.com/Redclawww/savethetokens,"savethetokens/",https://github.com/Redclawww/savethetokens,git_pull,win|mac,,,,
opencode-dynamic-context-pruning,ai-token-opt,github.com/Opencode-DCP/opencode-dynamic-context-pruning,"opencode-dynamic-context-pruning/",https://github.com/Opencode-DCP/opencode-dynamic-context-pruning,git_pull,win|mac,,,,
mcp-compressor,ai-token-opt,github.com/atlassian-labs/mcp-compressor,"mcp-compressor/",https://github.com/atlassian-labs/mcp-compressor,git_pull,win|mac,,,,
xRAG,ai-token-opt,github.com/Hannibal046/xRAG,"xRAG/",https://github.com/Hannibal046/xRAG,git_pull,win|mac,,,,
recomp,ai-token-opt,github.com/carriex/recomp,"recomp/",https://github.com/carriex/recomp,git_pull,win|mac,,,,
CompAct,ai-token-opt,github.com/dmis-lab/CompAct,"CompAct/",https://github.com/dmis-lab/CompAct,git_pull,win|mac,,,,
QGC,ai-token-opt,github.com/XMUDeepLIT/QGC,"QGC/",https://github.com/XMUDeepLIT/QGC,git_pull,win|mac,,,,
OpenProvence,ai-token-opt,github.com/hotchpotch/open_provence,"open_provence/",https://github.com/hotchpotch/open_provence,git_pull,win|mac,,,,
RouteLLM,ai-token-opt,github.com/lm-sys/RouteLLM,"RouteLLM/",https://github.com/lm-sys/RouteLLM,pip_upgrade,win|mac,,,"routellm",
Bifrost,ai-token-opt,github.com/maximhq/bifrost,"bifrost/",https://github.com/maximhq/bifrost,git_pull,win|mac,,,,
Portkey-Gateway,ai-token-opt,github.com/Portkey-AI/gateway,"gateway/",https://github.com/Portkey-AI/gateway,git_pull,win|mac,,,,
autocache,ai-token-opt,github.com/montevive/autocache,"autocache/",https://github.com/montevive/autocache,git_pull,win|mac,,,,
Curator,ai-token-opt,github.com/bespokelabsai/curator,"curator/",https://github.com/bespokelabsai/curator,pip_upgrade,win|mac,,,"bespoke-curator",
kvpress,ai-token-opt,github.com/NVIDIA/kvpress,"kvpress/",https://github.com/NVIDIA/kvpress,pip_upgrade,win|mac,,,"kvpress",
LMCache,ai-token-opt,github.com/LMCache/LMCache,"LMCache/",https://github.com/LMCache/LMCache,pip_upgrade,win|mac,,,"lmcache",
KVzip,ai-token-opt,github.com/snu-mllab/KVzip,"KVzip/",https://github.com/snu-mllab/KVzip,git_pull,win|mac,,,,
R-KV,ai-token-opt,github.com/Zefan-Cai/R-KV,"R-KV/",https://github.com/Zefan-Cai/R-KV,git_pull,win|mac,,,,
kvcached,ai-token-opt,github.com/ovg-project/kvcached,"kvcached/",https://github.com/ovg-project/kvcached,git_pull,win|mac,,,,
NVIDIA-Dynamo,ai-token-opt,github.com/ai-dynamo/dynamo,"dynamo/",https://github.com/ai-dynamo/dynamo,git_pull,win|mac,,,,
llm-d,ai-token-opt,github.com/llm-d/llm-d,"llm-d/",https://github.com/llm-d/llm-d,git_pull,win|mac,,,,
tokencost,ai-token-opt,github.com/AgentOps-AI/tokencost,"tokencost/",https://github.com/AgentOps-AI/tokencost,pip_upgrade,win|mac,,,"tokencost",
ccusage,ai-token-opt,github.com/ryoppippi/ccusage,"ccusage/",https://github.com/ryoppippi/ccusage,pip_upgrade,win|mac,,,"ccusage",
agenttrace,ai-token-opt,github.com/luoyuctl/agenttrace,"agenttrace/",https://github.com/luoyuctl/agenttrace,git_pull,win|mac,,,,
tiktoken,ai-token-opt,github.com/openai/tiktoken,"tiktoken/",https://github.com/openai/tiktoken,pip_upgrade,win|mac,,,"tiktoken",
Langfuse,ai-token-opt,github.com/langfuse/langfuse,"langfuse/",https://github.com/langfuse/langfuse,pip_upgrade,win|mac,,,"langfuse",
Helicone,ai-token-opt,github.com/Helicone/helicone,"helicone/",https://github.com/Helicone/helicone,git_pull,win|mac,,,,
Lightpanda,ai-token-opt,github.com/lightpanda-io/browser,"browser/",https://github.com/lightpanda-io/browser,git_pull,win|mac,,,,
Playwright-MCP,ai-token-opt,github.com/microsoft/playwright-mcp,"playwright-mcp/",https://github.com/microsoft/playwright-mcp,git_pull,win|mac,,,,
Open-Design,design-tools,github.com/nexu-io/open-design,"open-design/|packages/","https://github.com/nexu-io/open-design",git_pull,win|mac,,,,
open-codesign,design-tools,github.com/OpenCoworkAI/open-codesign,"open-codesign/","https://github.com/OpenCoworkAI/open-codesign",git_pull,win|mac,,,,
screenshot-to-code,design-tools,github.com/abi/screenshot-to-code,"screenshot-to-code/","https://github.com/abi/screenshot-to-code",git_pull,win|mac,,,,
html-ppt-skill,design-tools,github.com/lewislulu/html-ppt-skill,"html-ppt-skill/","https://github.com/lewislulu/html-ppt-skill",git_pull,win|mac,,,,
guizang-ppt-skill,design-tools,github.com/op7418/guizang-ppt-skill,"guizang-ppt-skill/","https://github.com/op7418/guizang-ppt-skill",git_pull,win|mac,,,,
hyperframes,design-tools,github.com/heygen-com/hyperframes,"hyperframes/","https://github.com/heygen-com/hyperframes",git_pull,win|mac,,,,
huashu-design,design-tools,github.com/alchaincyf/huashu-design,"huashu-design/","https://github.com/alchaincyf/huashu-design",git_pull,win|mac,,,,
multica,design-tools,github.com/multica-ai/multica,"multica/","https://github.com/multica-ai/multica",git_pull,win|mac,,,,
NanoBanana-PPT-Skills,design-tools,github.com/op7418/NanoBanana-PPT-Skills,"NanoBanana-PPT-Skills/","https://github.com/op7418/NanoBanana-PPT-Skills",git_pull,win|mac,,,,
oh-my-mermaid,design-tools,github.com/oh-my-mermaid/oh-my-mermaid,"oh-my-mermaid/",https://github.com/oh-my-mermaid/oh-my-mermaid,git_pull,win|mac,,,,
drawio-skill,design-tools,github.com/Agents365-ai/drawio-skill,"drawio-skill/","https://github.com/Agents365-ai/drawio-skill",git_pull,win|mac,,,,
penpot,design-tools,github.com/penpot/penpot,"penpot/","https://github.com/penpot/penpot",git_pull,win|mac,,,,
frontend-design,design-tools,github.com/nextlevelbuilder/frontend-design,"frontend-design/","https://github.com/nextlevelbuilder/frontend-design",git_pull,win|mac,,,,
ui-skills,design-tools,github.com/ibelick/ui-skills,"ui-skills/","https://github.com/ibelick/ui-skills",git_pull,win|mac,,,,
frontend-slides,design-tools,github.com/zarazhangrui/frontend-slides,"frontend-slides/","https://github.com/zarazhangrui/frontend-slides",git_pull,win|mac,,,,
remotion-video,design-tools,github.com/remotion-dev/remotion,"remotion/|packages/","https://github.com/remotion-dev/remotion",git_pull,win|mac,,,,
motion,design-tools,github.com/motiondivision/motion,"motion/","https://github.com/motiondivision/motion",git_pull,win|mac,,,,

